{"fonts/Hacen-Tunisia.ttf":["fonts/Hacen-Tunisia.ttf"],"images/boy.png":["images/boy.png"],"images/cloude.png":["images/cloude.png"],"images/cloudill.png":["images/cloudill.png"],"images/emailSend.png":["images/emailSend.png"],"images/empty.png":["images/empty.png"],"images/empty_messaging.jpg":["images/empty_messaging.jpg"],"images/empty_messaging.png":["images/empty_messaging.png"],"images/girl.png":["images/girl.png"],"images/google.png":["images/google.png"],"images/googleColor.png":["images/googleColor.png"],"images/histoy.png":["images/histoy.png"],"images/k.jpg":["images/k.jpg"],"images/k.png":["images/k.png"],"images/link_to.png":["images/link_to.png"],"images/logIn.png":["images/logIn.png"],"images/nano.png":["images/nano.png"],"images/nano_net.png":["images/nano_net.png"],"images/notifaction.png":["images/notifaction.png"],"images/patreonball.png":["images/patreonball.png"],"images/patreoni.png":["images/patreoni.png"],"images/printing_log.png":["images/printing_log.png"],"images/sender.png":["images/sender.png"],"images/shapes.png":["images/shapes.png"],"images/sharing.png":["images/sharing.png"],"images/tele.png":["images/tele.png"],"images/test.jpg":["images/test.jpg"],"images/u_ticket.png":["images/u_ticket.png"],"images/utower.png":["images/utower.png"],"images/welcome.png":["images/welcome.png"],"packages/cupertino_icons/assets/CupertinoIcons.ttf":["packages/cupertino_icons/assets/CupertinoIcons.ttf"],"packages/flutter_inappwebview/t_rex_runner/t-rex.css":["packages/flutter_inappwebview/t_rex_runner/t-rex.css"],"packages/flutter_inappwebview/t_rex_runner/t-rex.html":["packages/flutter_inappwebview/t_rex_runner/t-rex.html"],"packages/flutter_math_fork/lib/katex_fonts/fonts/KaTeX_AMS-Regular.ttf":["packages/flutter_math_fork/lib/katex_fonts/fonts/KaTeX_AMS-Regular.ttf"],"packages/flutter_math_fork/lib/katex_fonts/fonts/KaTeX_Caligraphic-Bold.ttf":["packages/flutter_math_fork/lib/katex_fonts/fonts/KaTeX_Caligraphic-Bold.ttf"],"packages/flutter_math_fork/lib/katex_fonts/fonts/KaTeX_Caligraphic-Regular.ttf":["packages/flutter_math_fork/lib/katex_fonts/fonts/KaTeX_Caligraphic-Regular.ttf"],"packages/flutter_math_fork/lib/katex_fonts/fonts/KaTeX_Fraktur-Bold.ttf":["packages/flutter_math_fork/lib/katex_fonts/fonts/KaTeX_Fraktur-Bold.ttf"],"packages/flutter_math_fork/lib/katex_fonts/fonts/KaTeX_Fraktur-Regular.ttf":["packages/flutter_math_fork/lib/katex_fonts/fonts/KaTeX_Fraktur-Regular.ttf"],"packages/flutter_math_fork/lib/katex_fonts/fonts/KaTeX_Main-Bold.ttf":["packages/flutter_math_fork/lib/katex_fonts/fonts/KaTeX_Main-Bold.ttf"],"packages/flutter_math_fork/lib/katex_fonts/fonts/KaTeX_Main-BoldItalic.ttf":["packages/flutter_math_fork/lib/katex_fonts/fonts/KaTeX_Main-BoldItalic.ttf"],"packages/flutter_math_fork/lib/katex_fonts/fonts/KaTeX_Main-Italic.ttf":["packages/flutter_math_fork/lib/katex_fonts/fonts/KaTeX_Main-Italic.ttf"],"packages/flutter_math_fork/lib/katex_fonts/fonts/KaTeX_Main-Regular.ttf":["packages/flutter_math_fork/lib/katex_fonts/fonts/KaTeX_Main-Regular.ttf"],"packages/flutter_math_fork/lib/katex_fonts/fonts/KaTeX_Math-BoldItalic.ttf":["packages/flutter_math_fork/lib/katex_fonts/fonts/KaTeX_Math-BoldItalic.ttf"],"packages/flutter_math_fork/lib/katex_fonts/fonts/KaTeX_Math-Italic.ttf":["packages/flutter_math_fork/lib/katex_fonts/fonts/KaTeX_Math-Italic.ttf"],"packages/flutter_math_fork/lib/katex_fonts/fonts/KaTeX_SansSerif-Bold.ttf":["packages/flutter_math_fork/lib/katex_fonts/fonts/KaTeX_SansSerif-Bold.ttf"],"packages/flutter_math_fork/lib/katex_fonts/fonts/KaTeX_SansSerif-Italic.ttf":["packages/flutter_math_fork/lib/katex_fonts/fonts/KaTeX_SansSerif-Italic.ttf"],"packages/flutter_math_fork/lib/katex_fonts/fonts/KaTeX_SansSerif-Regular.ttf":["packages/flutter_math_fork/lib/katex_fonts/fonts/KaTeX_SansSerif-Regular.ttf"],"packages/flutter_math_fork/lib/katex_fonts/fonts/KaTeX_Script-Regular.ttf":["packages/flutter_math_fork/lib/katex_fonts/fonts/KaTeX_Script-Regular.ttf"],"packages/flutter_math_fork/lib/katex_fonts/fonts/KaTeX_Size1-Regular.ttf":["packages/flutter_math_fork/lib/katex_fonts/fonts/KaTeX_Size1-Regular.ttf"],"packages/flutter_math_fork/lib/katex_fonts/fonts/KaTeX_Size2-Regular.ttf":["packages/flutter_math_fork/lib/katex_fonts/fonts/KaTeX_Size2-Regular.ttf"],"packages/flutter_math_fork/lib/katex_fonts/fonts/KaTeX_Size3-Regular.ttf":["packages/flutter_math_fork/lib/katex_fonts/fonts/KaTeX_Size3-Regular.ttf"],"packages/flutter_math_fork/lib/katex_fonts/fonts/KaTeX_Size4-Regular.ttf":["packages/flutter_math_fork/lib/katex_fonts/fonts/KaTeX_Size4-Regular.ttf"],"packages/flutter_math_fork/lib/katex_fonts/fonts/KaTeX_Typewriter-Regular.ttf":["packages/flutter_math_fork/lib/katex_fonts/fonts/KaTeX_Typewriter-Regular.ttf"],"packages/font_awesome_flutter/lib/fonts/fa-brands-400.ttf":["packages/font_awesome_flutter/lib/fonts/fa-brands-400.ttf"],"packages/font_awesome_flutter/lib/fonts/fa-regular-400.ttf":["packages/font_awesome_flutter/lib/fonts/fa-regular-400.ttf"],"packages/font_awesome_flutter/lib/fonts/fa-solid-900.ttf":["packages/font_awesome_flutter/lib/fonts/fa-solid-900.ttf"],"packages/wakelock_web/assets/no_sleep.js":["packages/wakelock_web/assets/no_sleep.js"]}